Class,Total Cost,Cost Percentage,Frequency,Share Percentage
A,2139445899.36,68.97225078461277,21,15.0
B,651224707.2,20.99442375970846,27,19.28571428571429
C,311223089.8500001,10.033325455678783,92,65.71428571428571
